<?xml version="1.0" encoding="UTF-8"?>
<!DOCTYPE suite SYSTEM "http://testng.org/testng-1.0.dtd">
<suite name="All Test Suite">
    <test verbose="2" preserve-order="true" name="D:/E-Drive/JavaIntellijWorkspace/SeleniumWithTestNg">
        <classes>
            <class name="testNg.BasicTests">
                <methods>
                    <include name="LaunchSeleniumAndGoToTimesOfIndia"/>
                    <include name="sampleMethod"/>
                    <include name="testFail"/>
                    <include name="testDisabled"/>
                </methods>
            </class>
            <class name="testNg.DependencyTest">
                <methods>
                    <include name="test1"/>
                </methods>
            </class>
        </classes>
    </test>
</suite>